Test#,File,Comment,Input_1,Input_2,Input_3,Expected_output_1,Max_cycles,Mailboxes_used,Cycles_used,Halted(1)_or_Terminated(0),Outputs
1,assignment5.txt,Overflow,996, 10, 5,999,5000,98 ,517,1,999
2,assignment5.txt,Overflow,723, 9, 4,999,5000,98 ,371,1,999
3,assignment5.txt,Overflow,131, 5, 3,999,5000,98 ,253,1,999
4,assignment5.txt,Overflow,432, 6, 4,999,5000,98 ,321,1,999
5,assignment5.txt,Overflow,97, 10, 2,999,5000,98 ,337,1,999
6,assignment5.txt,Overflow,718, 10, 8,999,5000,98 ,450,1,999
7,assignment5.txt,Overflow,225, 8, 3,999,5000,98 ,277,1,999
8,assignment5.txt,Overflow,806, 10, 9,999,5000,98 ,471,1,999
9,assignment5.txt,Overflow,883, 9, 6,999,5000,98 ,504,1,999
10,assignment5.txt,Overflow,642, 10, 5,999,5000,98 ,413,1,999
11,assignment5.txt,Overflow,705, 8, 6,999,5000,98 ,379,1,999
12,assignment5.txt,Overflow,543, 6, 4,999,5000,98 ,347,1,999
13,assignment5.txt,Overflow,981, 10, 8,999,5000,98 ,567,1,999
14,assignment5.txt,Overflow,769, 10, 7,999,5000,98 ,494,1,999
15,assignment5.txt,Overflow,638, 10, 8,999,5000,98 ,463,1,999
16,assignment5.txt,Overflow,16, 8, 2,999,5000,98 ,217,1,999
17,assignment5.txt,Overflow,133, 7, 3,999,5000,98 ,269,1,999
18,assignment5.txt,Invalid numbers,56, 4, 10,999,5000,98 ,130,1,999
19,assignment5.txt,Invalid numbers,566, 4, 10,999,5000,98 ,109,1,999
20,assignment5.txt,Invalid numbers,811, 1, 10,999,5000,98 ,25,1,999
21,assignment5.txt,Invalid numbers,370, 6, 10,999,5000,98 ,211,1,999
22,assignment5.txt,Invalid numbers,210, 0, 10,999,5000,98 ,23,1,999
23,assignment5.txt,Invalid numbers,14, 0, 10,999,5000,98 ,23,1,999
24,assignment5.txt,Invalid numbers,301, 0, 10,999,5000,98 ,23,1,999
25,assignment5.txt,Invalid numbers,281, 1, 10,999,5000,98 ,25,1,999
26,assignment5.txt,Invalid numbers,411, 0, 10,999,5000,98 ,23,1,999
27,assignment5.txt,Invalid numbers,842, 1, 10,999,5000,98 ,25,1,999
28,assignment5.txt,Invalid numbers,670, 3, 10,999,5000,98 ,88,1,999
29,assignment5.txt,Invalid numbers,899, 3, 10,999,5000,98 ,88,1,999
30,assignment5.txt,Invalid numbers,192, 2, 10,999,5000,98 ,101,1,999
31,assignment5.txt,Invalid numbers,592, 2, 10,999,5000,98 ,67,1,999
32,assignment5.txt,Invalid numbers,416, 0, 10,999,5000,98 ,23,1,999
33,assignment5.txt,Invalid numbers,398, 1, 10,999,5000,98 ,25,1,999
34,assignment5.txt,Invalid numbers,471, 1, 10,999,5000,98 ,25,1,999
35,assignment5.txt,Into base 0 and 1,61, 10, 0,999,5000,98 ,254,1,999
36,assignment5.txt,Into base 0 and 1,583, 10, 0,999,5000,98 ,345,1,999
37,assignment5.txt,Into base 0 and 1,468, 10, 0,999,5000,98 ,306,1,999
38,assignment5.txt,Into base 0 and 1,907, 10, 1,999,5000,98 ,295,1,999
39,assignment5.txt,Into base 0 and 1,111, 10, 1,999,5000,98 ,204,1,999
40,assignment5.txt,Into base 0 and 1,696, 10, 1,999,5000,98 ,373,1,999
41,assignment5.txt,Into base 0 and 1,656, 10, 0,999,5000,98 ,319,1,999
42,assignment5.txt,Into base 0 and 1,210, 10, 0,999,5000,98 ,215,1,999
43,assignment5.txt,Into base 0 and 1,25, 10, 1,999,5000,98 ,204,1,999
44,assignment5.txt,Into base 0 and 1,884, 10, 1,999,5000,98 ,386,1,999
45,assignment5.txt,Into base 0 and 1,166, 10, 1,999,5000,98 ,269,1,999
46,assignment5.txt,Into base 0 and 1,97, 10, 1,999,5000,98 ,295,1,999
47,assignment5.txt,Into base 0 and 1,687, 10, 1,999,5000,98 ,360,1,999
48,assignment5.txt,Into base 0 and 1,604, 10, 1,999,5000,98 ,256,1,999
49,assignment5.txt,Into base 0 and 1,383, 10, 0,999,5000,98 ,319,1,999
50,assignment5.txt,Into base 0 and 1,89, 10, 0,999,5000,98 ,280,1,999
51,assignment5.txt,Into base 0 and 1,671, 10, 0,999,5000,98 ,345,1,999
52,assignment5.txt,Out of base 0 and 1,295, 0, 10,999,5000,98 ,23,1,999
53,assignment5.txt,Out of base 0 and 1,626, 1, 10,999,5000,98 ,25,1,999
54,assignment5.txt,Out of base 0 and 1,55, 1, 10,999,5000,98 ,25,1,999
55,assignment5.txt,Out of base 0 and 1,244, 1, 10,999,5000,98 ,25,1,999
56,assignment5.txt,Out of base 0 and 1,883, 1, 10,999,5000,98 ,25,1,999
57,assignment5.txt,Out of base 0 and 1,550, 1, 10,999,5000,98 ,25,1,999
58,assignment5.txt,Out of base 0 and 1,64, 0, 10,999,5000,98 ,23,1,999
59,assignment5.txt,Out of base 0 and 1,78, 0, 10,999,5000,98 ,23,1,999
60,assignment5.txt,Out of base 0 and 1,465, 1, 10,999,5000,98 ,25,1,999
61,assignment5.txt,Out of base 0 and 1,229, 1, 10,999,5000,98 ,25,1,999
62,assignment5.txt,Out of base 0 and 1,163, 0, 10,999,5000,98 ,23,1,999
63,assignment5.txt,Out of base 0 and 1,33, 1, 10,999,5000,98 ,25,1,999
64,assignment5.txt,Out of base 0 and 1,850, 0, 10,999,5000,98 ,23,1,999
65,assignment5.txt,Out of base 0 and 1,810, 0, 10,999,5000,98 ,23,1,999
66,assignment5.txt,Out of base 0 and 1,980, 1, 10,999,5000,98 ,25,1,999
67,assignment5.txt,Out of base 0 and 1,706, 1, 10,999,5000,98 ,25,1,999
68,assignment5.txt,Out of base 0 and 1,115, 0, 10,999,5000,98 ,23,1,999
69,assignment5.txt,Into base greater than 10,737, 10, 9,999,5000,98 ,497,1,999
70,assignment5.txt,Into base greater than 10,299, 10, 96,999,5000,98 ,323,1,999
71,assignment5.txt,Into base greater than 10,427, 10, 58,999,5000,98 ,258,1,999
72,assignment5.txt,Into base greater than 10,331, 10, 16,999,5000,98 ,258,1,999
73,assignment5.txt,Into base greater than 10,89, 10, 1,999,5000,98 ,282,1,999
74,assignment5.txt,Into base greater than 10,249, 10, 58,999,5000,98 ,258,1,999
75,assignment5.txt,Into base greater than 10,234, 10, 68,999,5000,98 ,245,1,999
76,assignment5.txt,Into base greater than 10,907, 10, 16,999,5000,98 ,297,1,999
77,assignment5.txt,Into base greater than 10,512, 10, 92,999,5000,98 ,258,1,999
78,assignment5.txt,Into base greater than 10,890, 10, 4,999,5000,98 ,483,1,999
79,assignment5.txt,Into base greater than 10,841, 10, 12,999,5000,98 ,336,1,999
80,assignment5.txt,Into base greater than 10,608, 10, 33,999,5000,98 ,258,1,999
81,assignment5.txt,Into base greater than 10,973, 10, 39,999,5000,98 ,388,1,999
82,assignment5.txt,Into base greater than 10,533, 10, 81,999,5000,98 ,284,1,999
83,assignment5.txt,Into base greater than 10,601, 10, 30,999,5000,98 ,258,1,999
84,assignment5.txt,Into base greater than 10,53, 10, 2,999,5000,98 ,285,1,999
85,assignment5.txt,Into base greater than 10,552, 10, 39,999,5000,98 ,310,1,999
86,assignment5.txt,Out of base greater than 10,374, 68, 10,999,5000,98 ,27,1,999
87,assignment5.txt,Out of base greater than 10,79, 31, 10,999,5000,98 ,27,1,999
88,assignment5.txt,Out of base greater than 10,963, 18, 10,999,5000,98 ,27,1,999
89,assignment5.txt,Out of base greater than 10,618, 93, 10,999,5000,98 ,27,1,999
90,assignment5.txt,Out of base greater than 10,217, 44, 10,999,5000,98 ,27,1,999
91,assignment5.txt,Out of base greater than 10,424, 99, 10,999,5000,98 ,27,1,999
92,assignment5.txt,Out of base greater than 10,713, 37, 10,999,5000,98 ,27,1,999
93,assignment5.txt,Out of base greater than 10,99, 62, 10,999,5000,98 ,27,1,999
94,assignment5.txt,Out of base greater than 10,27, 86, 10,999,5000,98 ,27,1,999
95,assignment5.txt,Out of base greater than 10,338, 79, 10,999,5000,98 ,27,1,999
96,assignment5.txt,Out of base greater than 10,799, 52, 10,999,5000,98 ,27,1,999
97,assignment5.txt,Out of base greater than 10,535, 40, 10,999,5000,98 ,27,1,999
98,assignment5.txt,Out of base greater than 10,231, 86, 10,999,5000,98 ,27,1,999
99,assignment5.txt,Out of base greater than 10,700, 86, 10,999,5000,98 ,27,1,999
100,assignment5.txt,Out of base greater than 10,518, 26, 10,999,5000,98 ,27,1,999
101,assignment5.txt,Out of base greater than 10,695, 48, 10,999,5000,98 ,27,1,999
102,assignment5.txt,Out of base greater than 10,530, 37, 10,999,5000,98 ,27,1,999
